TimeStamp,Current Aviable Water (cm),Deficit (cm),Change in Storage (cm)
6/20/2018 3:00:00 AM,9.5656,8.9344,-0.00040992
6/20/2018 2:00:00 AM,9.5697,8.9303,-0.00029959
6/20/2018 1:00:00 AM,9.5727,8.9273,-0.00024372
6/20/2018,9.5752,8.9248,-0.00021506
6/19/2018 11:00:00 PM,9.5773,8.9227,-0.00017382
6/19/2018 10:00:00 PM,9.5791,8.9209,-0.00010561
6/19/2018 9:00:00 PM,9.5801,8.9199,0.00014344
6/19/2018 8:00:00 PM,9.5787,8.9213,0.00022075
6/19/2018 7:00:00 PM,9.5765,8.9235,-0.00035682
6/19/2018 6:00:00 PM,9.58,8.92,-0.00090481
6/19/2018 5:00:00 PM,9.5891,8.9109,-0.0018257
6/19/2018 4:00:00 PM,9.6074,8.8926,-0.0020156
6/19/2018 3:00:00 PM,9.6275,8.8725,-0.0013224
6/19/2018 2:00:00 PM,9.6407,8.8593,-0.0019146
6/19/2018 1:00:00 PM,9.6599,8.8401,-0.0020706
6/19/2018 12:00:00 PM,9.6806,8.8194,-0.0025441
6/19/2018 11:00:00 AM,9.706,8.794,-0.0019089
6/19/2018 10:00:00 AM,9.7251,8.7749,-0.00098818
6/19/2018 9:00:00 AM,9.735,8.765,-0.00043858
6/19/2018 8:00:00 AM,9.7394,8.7606,-0.00056453
6/19/2018 7:00:00 AM,9.745,8.755,-0.00064508
6/19/2018 6:00:00 AM,9.7515,8.7485,-0.00060821
6/19/2018 5:00:00 AM,9.7576,8.7424,-0.00071549
6/19/2018 4:00:00 AM,9.7647,8.7353,-0.00075002
6/19/2018 3:00:00 AM,9.7722,8.7278,-0.00085617
6/19/2018 2:00:00 AM,9.7808,8.7192,-0.00066909
6/19/2018 1:00:00 AM,9.7875,8.7125,-0.0005807
6/19/2018,9.7933,8.7067,-0.00060064
6/18/2018 11:00:00 PM,9.7993,8.7007,-0.0007459
6/18/2018 10:00:00 PM,9.8067,8.6933,-0.00049293
6/18/2018 9:00:00 PM,9.8117,8.6883,-0.00073428
6/18/2018 8:00:00 PM,9.819,8.681,-0.00080822
6/18/2018 7:00:00 PM,9.8271,8.6729,-0.00057001
6/18/2018 6:00:00 PM,9.8328,8.6672,0.030088
6/18/2018 5:00:00 PM,9.5319,8.9681,0.21481
6/18/2018 4:00:00 PM,7.3838,11.1162,-0.0035485
6/18/2018 3:00:00 PM,7.4193,11.0807,-0.0038488
6/18/2018 2:00:00 PM,7.4578,11.0422,-0.004285
6/18/2018 1:00:00 PM,7.5006,10.9994,-0.0033788
6/18/2018 12:00:00 PM,7.5344,10.9656,-0.0036783
6/18/2018 11:00:00 AM,7.5712,10.9288,-0.003556
6/18/2018 10:00:00 AM,7.6068,10.8932,-0.0013457
6/18/2018 9:00:00 AM,7.6202,10.8798,-5.7111e-05
6/18/2018 8:00:00 AM,7.6208,10.8792,-8.645e-05
6/18/2018 7:00:00 AM,7.6217,10.8783,-0.00022612
6/18/2018 6:00:00 AM,7.6239,10.8761,-0.00026016
6/18/2018 5:00:00 AM,7.6265,10.8735,-0.00016242
6/18/2018 4:00:00 AM,7.6281,10.8719,-0.000104
6/18/2018 3:00:00 AM,7.6292,10.8708,-9.8566e-05
6/18/2018 2:00:00 AM,7.6302,10.8698,-3.4131e-05
6/18/2018 1:00:00 AM,7.6305,10.8695,0.00012367
6/18/2018,7.6293,10.8707,-4.5175e-05
6/17/2018 11:00:00 PM,7.6297,10.8703,0.00017713
6/17/2018 10:00:00 PM,7.6279,10.8721,0.00015465
6/17/2018 9:00:00 PM,7.6264,10.8736,-0.0001968
6/17/2018 8:00:00 PM,7.6284,10.8716,-0.00045469
6/17/2018 7:00:00 PM,7.6329,10.8671,-0.0025922
6/17/2018 6:00:00 PM,7.6588,10.8412,-0.0042526
6/17/2018 5:00:00 PM,7.7014,10.7986,-0.0046771
6/17/2018 4:00:00 PM,7.7481,10.7519,-0.0048993
6/17/2018 3:00:00 PM,7.7971,10.7029,-0.00535
6/17/2018 2:00:00 PM,7.8506,10.6494,-0.0061118
6/17/2018 1:00:00 PM,7.9117,10.5883,-0.0058149
6/17/2018 12:00:00 PM,7.9699,10.5301,-0.0062765
6/17/2018 11:00:00 AM,8.0327,10.4673,-0.0055308
6/17/2018 10:00:00 AM,8.088,10.412,-0.0035995
6/17/2018 9:00:00 AM,8.124,10.376,-0.0025819
6/17/2018 8:00:00 AM,8.1498,10.3502,-0.0010638
6/17/2018 7:00:00 AM,8.1604,10.3396,-0.00031562
6/17/2018 6:00:00 AM,8.1636,10.3364,-0.00028207
6/17/2018 5:00:00 AM,8.1664,10.3336,-0.00019258
6/17/2018 4:00:00 AM,8.1683,10.3317,-0.00033549
6/17/2018 3:00:00 AM,8.1717,10.3283,-0.00037437
6/17/2018 2:00:00 AM,8.1754,10.3246,-0.00026388
6/17/2018 1:00:00 AM,8.1781,10.3219,-0.00059793
6/17/2018,8.184,10.316,-0.000845
6/16/2018 11:00:00 PM,8.1925,10.3075,-0.00081998
6/16/2018 10:00:00 PM,8.2007,10.2993,-0.00040426
6/16/2018 9:00:00 PM,8.2047,10.2953,-0.00077951
6/16/2018 8:00:00 PM,8.2125,10.2875,-0.0025572
6/16/2018 7:00:00 PM,8.2381,10.2619,-0.0033169
6/16/2018 6:00:00 PM,8.2713,10.2287,-0.003705
6/16/2018 5:00:00 PM,8.3083,10.1917,-0.004915
6/16/2018 4:00:00 PM,8.3575,10.1425,-0.0062274
6/16/2018 3:00:00 PM,8.4197,10.0803,-0.007084
6/16/2018 2:00:00 PM,8.4906,10.0094,-0.0070723
6/16/2018 1:00:00 PM,8.5613,9.9387,-0.0065034
6/16/2018 12:00:00 PM,8.6263,9.8737,-0.0066336
6/16/2018 11:00:00 AM,8.6927,9.8073,-0.0042304
6/16/2018 10:00:00 AM,8.735,9.765,-0.0030592
6/16/2018 9:00:00 AM,8.7656,9.7344,-0.00099529
6/16/2018 8:00:00 AM,8.7755,9.7245,-0.00034706
6/16/2018 7:00:00 AM,8.779,9.721,-0.00059799
6/16/2018 6:00:00 AM,8.785,9.715,-0.00072079
6/16/2018 5:00:00 AM,8.7922,9.7078,-0.00048422
6/16/2018 4:00:00 AM,8.797,9.703,-0.00058885
6/16/2018 3:00:00 AM,8.8029,9.6971,-0.00068797
6/16/2018 2:00:00 AM,8.8098,9.6902,-0.00017234
6/16/2018 1:00:00 AM,8.8115,9.6885,-0.00034328
6/16/2018,8.8149,9.6851,-0.00051302
6/15/2018 11:00:00 PM,8.8201,9.6799,-0.00073722
6/15/2018 10:00:00 PM,8.8275,9.6725,-0.00046787
6/15/2018 9:00:00 PM,8.8321,9.6679,-0.00059801
6/15/2018 8:00:00 PM,8.8381,9.6619,-0.0010358
6/15/2018 7:00:00 PM,8.8485,9.6515,-0.0020135
6/15/2018 6:00:00 PM,8.8686,9.6314,-0.0026738
6/15/2018 5:00:00 PM,8.8953,9.6047,-0.0051074
6/15/2018 4:00:00 PM,8.9464,9.5536,-0.005058
6/15/2018 3:00:00 PM,8.997,9.503,-0.006749
6/15/2018 2:00:00 PM,9.0645,9.4355,-0.0048941
6/15/2018 1:00:00 PM,9.1134,9.3866,-0.0055113
6/15/2018 12:00:00 PM,9.1685,9.3315,-0.0074368
6/15/2018 11:00:00 AM,9.2429,9.2571,-0.0059536
6/15/2018 10:00:00 AM,9.3024,9.1976,-0.0053924
6/15/2018 9:00:00 AM,9.3564,9.1436,-0.0035435
6/15/2018 8:00:00 AM,9.3918,9.1082,-0.0032973
6/15/2018 7:00:00 AM,9.4248,9.0752,-0.00062515
6/15/2018 6:00:00 AM,9.431,9.069,-0.00075461
6/15/2018 5:00:00 AM,9.4386,9.0614,-0.00075247
6/15/2018 4:00:00 AM,9.4461,9.0539,-0.00074801
6/15/2018 3:00:00 AM,9.4536,9.0464,-0.00079713
6/15/2018 2:00:00 AM,9.4615,9.0385,-0.00014353
6/15/2018 1:00:00 AM,9.463,9.037,-0.00065841
6/15/2018,9.4696,9.0304,-0.0011191
6/14/2018 11:00:00 PM,9.4808,9.0192,-0.0010697
6/14/2018 10:00:00 PM,9.4915,9.0085,-0.00070366
6/14/2018 9:00:00 PM,9.4985,9.0015,-0.00094692
6/14/2018 8:00:00 PM,9.508,8.992,-0.0021456
6/14/2018 7:00:00 PM,9.5294,8.9706,-0.0031715
6/14/2018 6:00:00 PM,9.5611,8.9389,-0.0041817
6/14/2018 5:00:00 PM,9.603,8.897,-0.0050445
6/14/2018 4:00:00 PM,9.6534,8.8466,-0.0053411
6/14/2018 3:00:00 PM,9.7068,8.7932,-0.0040102
6/14/2018 2:00:00 PM,9.7469,8.7531,-0.0041413
6/14/2018 1:00:00 PM,9.7883,8.7117,-0.0043506
6/14/2018 12:00:00 PM,9.8318,8.6682,-0.0040789
6/14/2018 11:00:00 AM,9.8726,8.6274,-0.0034184
6/14/2018 10:00:00 AM,9.9068,8.5932,-0.0019367
6/14/2018 9:00:00 AM,9.9262,8.5738,-0.00067235
6/14/2018 8:00:00 AM,9.9329,8.5671,-0.00019795
6/14/2018 7:00:00 AM,9.9349,8.5651,-0.00036057
6/14/2018 6:00:00 AM,9.9385,8.5615,-0.00044168
6/14/2018 5:00:00 AM,9.9429,8.5571,-0.00051904
6/14/2018 4:00:00 AM,9.9481,8.5519,-0.00032431
6/14/2018 3:00:00 AM,9.9513,8.5487,-0.00046342
6/14/2018 2:00:00 AM,9.956,8.544,-0.00023367
6/14/2018 1:00:00 AM,9.9583,8.5417,-0.00014668
6/14/2018,9.9598,8.5402,-0.00013698
6/13/2018 11:00:00 PM,9.9611,8.5389,-7.1214e-05
6/13/2018 10:00:00 PM,9.9618,8.5382,0.00013058
6/13/2018 9:00:00 PM,9.9605,8.5395,0.00020786
6/13/2018 8:00:00 PM,9.9585,8.5415,-0.00070052
6/13/2018 7:00:00 PM,9.9655,8.5345,-0.0021807
6/13/2018 6:00:00 PM,9.9873,8.5127,-0.0033901
6/13/2018 5:00:00 PM,10.0212,8.4788,-0.0046402
6/13/2018 4:00:00 PM,10.0676,8.4324,-0.005495
6/13/2018 3:00:00 PM,10.1225,8.3775,-0.005489
6/13/2018 2:00:00 PM,10.1774,8.3226,-0.0041473
6/13/2018 1:00:00 PM,10.2189,8.2811,-0.0027004
6/13/2018 12:00:00 PM,10.2459,8.2541,-0.001937
6/13/2018 11:00:00 AM,10.2653,8.2347,-0.0012378
6/13/2018 10:00:00 AM,10.2776,8.2224,-0.00063817
6/13/2018 9:00:00 AM,10.284,8.216,-8.0756e-06
6/13/2018 8:00:00 AM,10.2841,8.2159,0.00021239
6/13/2018 7:00:00 AM,10.282,8.218,-4.8921e-06
6/13/2018 6:00:00 AM,10.282,8.218,9.1776e-06
6/13/2018 5:00:00 AM,10.2819,8.2181,2.3807e-05
6/13/2018 4:00:00 AM,10.2817,8.2183,5.5062e-05
6/13/2018 3:00:00 AM,10.2812,8.2188,2.941e-05
6/13/2018 2:00:00 AM,10.2809,8.2191,0.00014691
6/13/2018 1:00:00 AM,10.2794,8.2206,0.0014713
6/13/2018,10.2647,8.2353,0.19079
6/12/2018 11:00:00 PM,8.3568,10.1432,-0.00019806
6/12/2018 10:00:00 PM,8.3588,10.1412,-0.00027201
6/12/2018 9:00:00 PM,8.3615,10.1385,-0.00018477
6/12/2018 8:00:00 PM,8.3634,10.1366,-0.00082587
6/12/2018 7:00:00 PM,8.3716,10.1284,-0.0023696
6/12/2018 6:00:00 PM,8.3953,10.1047,-0.0033342
6/12/2018 5:00:00 PM,8.4287,10.0713,-0.004788
6/12/2018 4:00:00 PM,8.4765,10.0235,-0.0062717
6/12/2018 3:00:00 PM,8.5393,9.9607,-0.0067323
6/12/2018 2:00:00 PM,8.6066,9.8934,-0.0066125
6/12/2018 1:00:00 PM,8.6727,9.8273,-0.0061717
6/12/2018 12:00:00 PM,8.7344,9.7656,-0.0054943
6/12/2018 11:00:00 AM,8.7894,9.7106,-0.0043861
6/12/2018 10:00:00 AM,8.8332,9.6668,-0.0030122
6/12/2018 9:00:00 AM,8.8634,9.6366,-0.0019332
6/12/2018 8:00:00 AM,8.8827,9.6173,-0.00084441
6/12/2018 7:00:00 AM,8.8911,9.6089,-0.00096385
6/12/2018 6:00:00 AM,8.9008,9.5992,-0.00085399
6/12/2018 5:00:00 AM,8.9093,9.5907,-0.00091689
6/12/2018 4:00:00 AM,8.9185,9.5815,-0.00087575
6/12/2018 3:00:00 AM,8.9272,9.5728,-0.00077779
6/12/2018 2:00:00 AM,8.935,9.565,-0.00074524
6/12/2018 1:00:00 AM,8.9425,9.5575,-0.00061662
6/12/2018,8.9486,9.5514,-0.00063493
6/11/2018 11:00:00 PM,8.955,9.545,-0.00046137
6/11/2018 10:00:00 PM,8.9596,9.5404,-0.00039005
6/11/2018 9:00:00 PM,8.9635,9.5365,-0.00052497
6/11/2018 8:00:00 PM,8.9687,9.5313,-0.0016016
6/11/2018 7:00:00 PM,8.9848,9.5152,-0.0024418
6/11/2018 6:00:00 PM,9.0092,9.4908,-0.0036384
6/11/2018 5:00:00 PM,9.0456,9.4544,-0.0049678
6/11/2018 4:00:00 PM,9.0952,9.4048,-0.0057743
6/11/2018 3:00:00 PM,9.153,9.347,-0.0062622
6/11/2018 2:00:00 PM,9.2156,9.2844,-0.0057477
6/11/2018 1:00:00 PM,9.2731,9.2269,-0.0057577
6/11/2018 12:00:00 PM,9.3307,9.1693,-0.0046246
6/11/2018 11:00:00 AM,9.3769,9.1231,-0.0032697
6/11/2018 10:00:00 AM,9.4096,9.0904,-0.0018728
6/11/2018 9:00:00 AM,9.4283,9.0717,-0.00080989
6/11/2018 8:00:00 AM,9.4364,9.0636,-0.00067981
6/11/2018 7:00:00 AM,9.4432,9.0568,-0.0010909
6/11/2018 6:00:00 AM,9.4541,9.0459,-0.0010772
6/11/2018 5:00:00 AM,9.4649,9.0351,-0.0011205
6/11/2018 4:00:00 AM,9.4761,9.0239,-0.0011788
6/11/2018 3:00:00 AM,9.4879,9.0121,-0.00094729
6/11/2018 2:00:00 AM,9.4974,9.0026,-0.0010459
6/11/2018 1:00:00 AM,9.5078,8.9922,-0.00094429
6/11/2018,9.5173,8.9827,-0.00098937
6/10/2018 11:00:00 PM,9.5272,8.9728,-0.00089179
6/10/2018 10:00:00 PM,9.5361,8.9639,-0.00086615
6/10/2018 9:00:00 PM,9.5448,8.9552,-0.00085381
6/10/2018 8:00:00 PM,9.5533,8.9467,-0.0013209
6/10/2018 7:00:00 PM,9.5665,8.9335,-0.0015893
6/10/2018 6:00:00 PM,9.5824,8.9176,-0.0014073
6/10/2018 5:00:00 PM,9.5965,8.9035,-0.0023265
6/10/2018 4:00:00 PM,9.6197,8.8803,-0.0030373
6/10/2018 3:00:00 PM,9.6501,8.8499,-0.0034224
6/10/2018 2:00:00 PM,9.6843,8.8157,-0.0034318
6/10/2018 1:00:00 PM,9.7186,8.7814,-0.0032828
6/10/2018 12:00:00 PM,9.7515,8.7485,-0.0029065
6/10/2018 11:00:00 AM,9.7805,8.7195,-0.002548
6/10/2018 10:00:00 AM,9.806,8.694,-0.0020964
6/10/2018 9:00:00 AM,9.827,8.673,-0.0013386
6/10/2018 8:00:00 AM,9.8404,8.6596,-0.00070514
6/10/2018 7:00:00 AM,9.8474,8.6526,-0.00068343
6/10/2018 6:00:00 AM,9.8543,8.6457,-0.00064393
6/10/2018 5:00:00 AM,9.8607,8.6393,-0.00060371
6/10/2018 4:00:00 AM,9.8667,8.6333,-0.00062258
6/10/2018 3:00:00 AM,9.873,8.627,-0.00078372
6/10/2018 2:00:00 AM,9.8808,8.6192,-0.00086497
6/10/2018 1:00:00 AM,9.8894,8.6106,-0.00074524
6/10/2018,9.8969,8.6031,-0.00060545
6/9/2018 11:00:00 PM,9.903,8.597,-0.00057313
6/9/2018 10:00:00 PM,9.9087,8.5913,-0.00037267
6/9/2018 9:00:00 PM,9.9124,8.5876,-0.00017861
6/9/2018 8:00:00 PM,9.9142,8.5858,-0.0015765
6/9/2018 7:00:00 PM,9.93,8.57,-0.0021867
6/9/2018 6:00:00 PM,9.9518,8.5482,-0.0043137
6/9/2018 5:00:00 PM,9.995,8.505,-0.0051337
6/9/2018 4:00:00 PM,10.0463,8.4537,-0.0060175
6/9/2018 3:00:00 PM,10.1065,8.3935,-0.0060811
6/9/2018 2:00:00 PM,10.1673,8.3327,-0.0050956
6/9/2018 1:00:00 PM,10.2182,8.2818,-0.0037764
6/9/2018 12:00:00 PM,10.256,8.244,-0.0021502
6/9/2018 11:00:00 AM,10.2775,8.2225,-0.0010394
6/9/2018 10:00:00 AM,10.2879,8.2121,-9.7395e-05
6/9/2018 9:00:00 AM,10.2889,8.2111,0.0003616
6/9/2018 8:00:00 AM,10.2853,8.2147,0.00030711
6/9/2018 7:00:00 AM,10.2822,8.2178,0.00016687
6/9/2018 6:00:00 AM,10.2805,8.2195,0.00031525
6/9/2018 5:00:00 AM,10.2774,8.2226,0.00075299
6/9/2018 4:00:00 AM,10.2698,8.2302,0.001105
6/9/2018 3:00:00 AM,10.2588,8.2412,0.0013977
6/9/2018 2:00:00 AM,10.2448,8.2552,0.033031
6/9/2018 1:00:00 AM,9.9145,8.5855,0.21683
6/9/2018,7.7462,10.7538,-7.8229e-05
6/8/2018 11:00:00 PM,7.747,10.753,-0.0001632
6/8/2018 10:00:00 PM,7.7486,10.7514,-4.1672e-05
6/8/2018 9:00:00 PM,7.749,10.751,-0.00017299
6/8/2018 8:00:00 PM,7.7508,10.7492,-0.0016694
6/8/2018 7:00:00 PM,7.7675,10.7325,-0.0030623
6/8/2018 6:00:00 PM,7.7981,10.7019,-0.0038459
6/8/2018 5:00:00 PM,7.8366,10.6634,-0.004804
6/8/2018 4:00:00 PM,7.8846,10.6154,-0.0052535
6/8/2018 3:00:00 PM,7.9371,10.5629,-0.0054671
6/8/2018 2:00:00 PM,7.9918,10.5082,-0.0056999
6/8/2018 1:00:00 PM,8.0488,10.4512,-0.0057645
6/8/2018 12:00:00 PM,8.1064,10.3936,-0.0055994
6/8/2018 11:00:00 AM,8.1624,10.3376,-0.0047314
6/8/2018 10:00:00 AM,8.2098,10.2902,-0.0035561
6/8/2018 9:00:00 AM,8.2453,10.2547,-0.0021422
6/8/2018 8:00:00 AM,8.2667,10.2333,-0.00053124
6/8/2018 7:00:00 AM,8.272,10.228,-0.00052333
6/8/2018 6:00:00 AM,8.2773,10.2227,-0.00056723
6/8/2018 5:00:00 AM,8.283,10.217,-0.00050199
6/8/2018 4:00:00 AM,8.288,10.212,-0.00041071
6/8/2018 3:00:00 AM,8.2921,10.2079,-0.0004916
6/8/2018 2:00:00 AM,8.297,10.203,-0.0005104
6/8/2018 1:00:00 AM,8.3021,10.1979,-0.00092644
6/8/2018,8.3114,10.1886,-0.00059799
6/7/2018 11:00:00 PM,8.3173,10.1827,-0.00056938
6/7/2018 10:00:00 PM,8.323,10.177,-0.00017796
6/7/2018 9:00:00 PM,8.3248,10.1752,0.00053434
6/7/2018 8:00:00 PM,8.3195,10.1805,-0.0014623
6/7/2018 7:00:00 PM,8.3341,10.1659,-0.0021808
6/7/2018 6:00:00 PM,8.3559,10.1441,-0.0050715
6/7/2018 5:00:00 PM,8.4066,10.0934,-0.0063275
6/7/2018 4:00:00 PM,8.4699,10.0301,-0.0077157
6/7/2018 3:00:00 PM,8.5471,9.9529,-0.0089455
6/7/2018 2:00:00 PM,8.6365,9.8635,-0.0097787
6/7/2018 1:00:00 PM,8.7343,9.7657,-0.0096288
6/7/2018 12:00:00 PM,8.8306,9.6694,-0.0071146
6/7/2018 11:00:00 AM,8.9017,9.5983,-0.0041312
6/7/2018 10:00:00 AM,8.943,9.557,-0.0025538
6/7/2018 9:00:00 AM,8.9686,9.5314,-0.0018392
6/7/2018 8:00:00 AM,8.987,9.513,-0.00057161
6/7/2018 7:00:00 AM,8.9927,9.5073,-0.00059469
6/7/2018 6:00:00 AM,8.9986,9.5014,-0.00059784
6/7/2018 5:00:00 AM,9.0046,9.4954,-0.00058604
6/7/2018 4:00:00 AM,9.0105,9.4895,-0.00064808
6/7/2018 3:00:00 AM,9.017,9.483,-0.00047852
6/7/2018 2:00:00 AM,9.0217,9.4783,-0.00048514
6/7/2018 1:00:00 AM,9.0266,9.4734,-0.00046162
6/7/2018,9.0312,9.4688,-0.00049715
6/6/2018 11:00:00 PM,9.0362,9.4638,-0.00040389
6/6/2018 10:00:00 PM,9.0402,9.4598,-0.00019306
6/6/2018 9:00:00 PM,9.0421,9.4579,0.00027544
6/6/2018 8:00:00 PM,9.0394,9.4606,-0.0013649
6/6/2018 7:00:00 PM,9.053,9.447,-0.0032568
6/6/2018 6:00:00 PM,9.0856,9.4144,-0.0047283
6/6/2018 5:00:00 PM,9.1329,9.3671,-0.0058796
6/6/2018 4:00:00 PM,9.1917,9.3083,-0.0076198
6/6/2018 3:00:00 PM,9.2679,9.2321,-0.0077414
6/6/2018 2:00:00 PM,9.3453,9.1547,-0.0060778
6/6/2018 1:00:00 PM,9.4061,9.0939,-0.0042498
6/6/2018 12:00:00 PM,9.4486,9.0514,-0.0041824
6/6/2018 11:00:00 AM,9.4904,9.0096,-0.0028845
6/6/2018 10:00:00 AM,9.5192,8.9808,-0.0018478
6/6/2018 9:00:00 AM,9.5377,8.9623,-0.0013404
6/6/2018 8:00:00 AM,9.5511,8.9489,-0.00035879
6/6/2018 7:00:00 AM,9.5547,8.9453,-0.0006546
6/6/2018 6:00:00 AM,9.5613,8.9387,-0.00065697
6/6/2018 5:00:00 AM,9.5678,8.9322,-0.0006137
6/6/2018 4:00:00 AM,9.574,8.926,-0.00054587
6/6/2018 3:00:00 AM,9.5794,8.9206,-0.00055219
6/6/2018 2:00:00 AM,9.5849,8.9151,-0.00056511
6/6/2018 1:00:00 AM,9.5906,8.9094,-0.00049286
6/6/2018,9.5955,8.9045,-0.00060929
6/5/2018 11:00:00 PM,9.6016,8.8984,-0.00059029
6/5/2018 10:00:00 PM,9.6075,8.8925,-0.00044032
6/5/2018 9:00:00 PM,9.6119,8.8881,-0.0002882
6/5/2018 8:00:00 PM,9.6148,8.8852,-0.0014828
6/5/2018 7:00:00 PM,9.6296,8.8704,-0.0024736
6/5/2018 6:00:00 PM,9.6544,8.8456,-0.0037269
6/5/2018 5:00:00 PM,9.6916,8.8084,-0.0017873
6/5/2018 4:00:00 PM,9.7095,8.7905,-0.0044096
6/5/2018 3:00:00 PM,9.7536,8.7464,-0.0053134
6/5/2018 2:00:00 PM,9.8067,8.6933,-0.0049029
6/5/2018 1:00:00 PM,9.8558,8.6442,-0.0041303
6/5/2018 12:00:00 PM,9.8971,8.6029,-0.0033388
6/5/2018 11:00:00 AM,9.9305,8.5695,-0.0024817
6/5/2018 10:00:00 AM,9.9553,8.5447,-0.0016849
6/5/2018 9:00:00 AM,9.9721,8.5279,-0.00066743
6/5/2018 8:00:00 AM,9.9788,8.5212,-0.00017242
6/5/2018 7:00:00 AM,9.9805,8.5195,-0.00038268
6/5/2018 6:00:00 AM,9.9844,8.5156,-0.00044381
6/5/2018 5:00:00 AM,9.9888,8.5112,-0.00043685
6/5/2018 4:00:00 AM,9.9932,8.5068,-0.00041109
6/5/2018 3:00:00 AM,9.9973,8.5027,-0.00023634
6/5/2018 2:00:00 AM,9.9996,8.5004,-0.00016896
6/5/2018 1:00:00 AM,10.0013,8.4987,-0.00014451
6/5/2018,10.0028,8.4972,-0.0001603
6/4/2018 11:00:00 PM,10.0044,8.4956,0.00010098
6/4/2018 10:00:00 PM,10.0034,8.4966,3.8919e-05
6/4/2018 9:00:00 PM,10.003,8.497,0.00024528
6/4/2018 8:00:00 PM,10.0005,8.4995,-0.00079933
6/4/2018 7:00:00 PM,10.0085,8.4915,-0.0024957
6/4/2018 6:00:00 PM,10.0335,8.4665,-0.0037075
6/4/2018 5:00:00 PM,10.0705,8.4295,-0.0045485
6/4/2018 4:00:00 PM,10.116,8.384,-0.0051636
6/4/2018 3:00:00 PM,10.1677,8.3323,-0.0044509
6/4/2018 2:00:00 PM,10.2122,8.2878,-0.0037248
6/4/2018 1:00:00 PM,10.2494,8.2506,-0.0020712
6/4/2018 12:00:00 PM,10.2701,8.2299,-0.0014855
6/4/2018 11:00:00 AM,10.285,8.215,-0.00098294
6/4/2018 10:00:00 AM,10.2948,8.2052,-0.00061638
6/4/2018 9:00:00 AM,10.301,8.199,0.00014758
6/4/2018 8:00:00 AM,10.2995,8.2005,0.00040835
6/4/2018 7:00:00 AM,10.2954,8.2046,0.0018136
6/4/2018 6:00:00 AM,10.2773,8.2227,0.13682
6/4/2018 5:00:00 AM,8.9091,9.5909,0.081033
6/4/2018 4:00:00 AM,8.0988,10.4012,-0.00033766
6/4/2018 3:00:00 AM,8.1022,10.3978,-0.0005093
6/4/2018 2:00:00 AM,8.1073,10.3927,-0.00041418
6/4/2018 1:00:00 AM,8.1114,10.3886,-0.00029619
6/4/2018,8.1144,10.3856,-0.0002474
6/3/2018 11:00:00 PM,8.1168,10.3832,-0.00013802
6/3/2018 10:00:00 PM,8.1182,10.3818,-5.1242e-05
6/3/2018 9:00:00 PM,8.1187,10.3813,-0.00026615
6/3/2018 8:00:00 PM,8.1214,10.3786,-0.0013779
6/3/2018 7:00:00 PM,8.1352,10.3648,-0.0027767
6/3/2018 6:00:00 PM,8.1629,10.3371,-0.003952
6/3/2018 5:00:00 PM,8.2025,10.2975,-0.0051856
6/3/2018 4:00:00 PM,8.2543,10.2457,-0.0055041
6/3/2018 3:00:00 PM,8.3094,10.1906,-0.0059143
6/3/2018 2:00:00 PM,8.3685,10.1315,-0.0058199
6/3/2018 1:00:00 PM,8.4267,10.0733,-0.0057456
6/3/2018 12:00:00 PM,8.4842,10.0158,-0.0054054
6/3/2018 11:00:00 AM,8.5382,9.9618,-0.0044502
6/3/2018 10:00:00 AM,8.5827,9.9173,-0.0032527
6/3/2018 9:00:00 AM,8.6152,9.8848,-0.0015653
6/3/2018 8:00:00 AM,8.6309,9.8691,-0.00036805
6/3/2018 7:00:00 AM,8.6346,9.8654,-0.00067808
6/3/2018 6:00:00 AM,8.6414,9.8586,-0.00086807
6/3/2018 5:00:00 AM,8.65,9.85,-0.00082149
6/3/2018 4:00:00 AM,8.6583,9.8417,-0.00067185
6/3/2018 3:00:00 AM,8.665,9.835,-0.0005683
6/3/2018 2:00:00 AM,8.6707,9.8293,-0.0004319
6/3/2018 1:00:00 AM,8.675,9.825,-0.0004501
6/3/2018,8.6795,9.8205,-0.00039902
6/2/2018 11:00:00 PM,8.6835,9.8165,-0.00032834
6/2/2018 10:00:00 PM,8.6868,9.8132,-8.4858e-05
6/2/2018 9:00:00 PM,8.6876,9.8124,0.0002713
6/2/2018 8:00:00 PM,8.6849,9.8151,-0.00071052
6/2/2018 7:00:00 PM,8.692,9.808,-0.0016321
6/2/2018 6:00:00 PM,8.7083,9.7917,-0.002443
6/2/2018 5:00:00 PM,8.7327,9.7673,-0.0038345
6/2/2018 4:00:00 PM,8.7711,9.7289,-0.0051804
6/2/2018 3:00:00 PM,8.8229,9.6771,-0.0057921
6/2/2018 2:00:00 PM,8.8808,9.6192,-0.0059942
6/2/2018 1:00:00 PM,8.9408,9.5592,-0.0054209
6/2/2018 12:00:00 PM,8.995,9.505,-0.0048783
6/2/2018 11:00:00 AM,9.0437,9.4563,-0.0039852
6/2/2018 10:00:00 AM,9.0836,9.4164,-0.0027387
6/2/2018 9:00:00 AM,9.111,9.389,-0.0011083
6/2/2018 8:00:00 AM,9.1221,9.3779,-0.00054451
6/2/2018 7:00:00 AM,9.1275,9.3725,-0.00088652
6/2/2018 6:00:00 AM,9.1364,9.3636,-0.0010312
6/2/2018 5:00:00 AM,9.1467,9.3533,-0.0010745
6/2/2018 4:00:00 AM,9.1574,9.3426,-0.00090582
6/2/2018 3:00:00 AM,9.1665,9.3335,-0.00086459
6/2/2018 2:00:00 AM,9.1751,9.3249,-0.00082997
6/2/2018 1:00:00 AM,9.1834,9.3166,-0.00073618
6/2/2018,9.1908,9.3092,-0.00069199
6/1/2018 11:00:00 PM,9.1977,9.3023,-0.00053798
6/1/2018 10:00:00 PM,9.2031,9.2969,-0.00054861
6/1/2018 9:00:00 PM,9.2086,9.2914,-0.00033698
6/1/2018 8:00:00 PM,9.212,9.288,-0.00093695
6/1/2018 7:00:00 PM,9.2213,9.2787,-0.00069177
6/1/2018 6:00:00 PM,9.2282,9.2718,-0.0023708
6/1/2018 5:00:00 PM,9.252,9.248,-0.0036643
6/1/2018 4:00:00 PM,9.2886,9.2114,-0.0049846
6/1/2018 3:00:00 PM,9.3384,9.1616,-0.005628
6/1/2018 2:00:00 PM,9.3947,9.1053,-0.0051037
6/1/2018 1:00:00 PM,9.4458,9.0542,-0.0050233
6/1/2018 12:00:00 PM,9.496,9.004,-0.0031687
6/1/2018 11:00:00 AM,9.5277,8.9723,-0.0023224
6/1/2018 10:00:00 AM,9.5509,8.9491,-0.00051403
6/1/2018 9:00:00 AM,9.556,8.944,-0.00031151
6/1/2018 8:00:00 AM,9.5592,8.9408,-0.00029348
6/1/2018 7:00:00 AM,9.5621,8.9379,-0.00049367
6/1/2018 6:00:00 AM,9.567,8.933,-0.00020565
6/1/2018 5:00:00 AM,9.5691,8.9309,0.00017628
6/1/2018 4:00:00 AM,9.5673,8.9327,-0.00020171
6/1/2018 3:00:00 AM,9.5693,8.9307,-0.00037116
6/1/2018 2:00:00 AM,9.5731,8.9269,-0.00062242
6/1/2018 1:00:00 AM,9.5793,8.9207,-0.00053045
6/1/2018,9.5846,8.9154,-0.00055856
5/31/2018 11:00:00 PM,9.5902,8.9098,-0.000628
5/31/2018 10:00:00 PM,9.5964,8.9036,-0.00063136
5/31/2018 9:00:00 PM,9.6028,8.8972,-0.00054166
5/31/2018 8:00:00 PM,9.6082,8.8918,-0.00067389
5/31/2018 7:00:00 PM,9.6149,8.8851,-0.0023483
5/31/2018 6:00:00 PM,9.6384,8.8616,-0.003696
5/31/2018 5:00:00 PM,9.6754,8.8246,-0.0044635
5/31/2018 4:00:00 PM,9.72,8.78,-0.0049066
5/31/2018 3:00:00 PM,9.7691,8.7309,-0.005284
5/31/2018 2:00:00 PM,9.8219,8.6781,-0.0039313
5/31/2018 1:00:00 PM,9.8612,8.6388,-0.0030694
5/31/2018 12:00:00 PM,9.8919,8.6081,-0.0029881
5/31/2018 11:00:00 AM,9.9218,8.5782,-0.0014837
5/31/2018 10:00:00 AM,9.9366,8.5634,-0.00066037
5/31/2018 9:00:00 AM,9.9432,8.5568,-0.00011133
5/31/2018 8:00:00 AM,9.9443,8.5557,-0.00013695
5/31/2018 7:00:00 AM,9.9457,8.5543,-0.00021543
5/31/2018 6:00:00 AM,9.9479,8.5521,-0.00019338
5/31/2018 5:00:00 AM,9.9498,8.5502,-6.1965e-05
5/31/2018 4:00:00 AM,9.9504,8.5496,8.9914e-05
5/31/2018 3:00:00 AM,9.9495,8.5505,0.0010794
5/31/2018 2:00:00 AM,9.9387,8.5613,0.00023958
5/31/2018 1:00:00 AM,9.9363,8.5637,2.3934e-05
5/31/2018,9.9361,8.5639,0.00059494
5/30/2018 11:00:00 PM,9.9301,8.5699,-9.1313e-05
5/30/2018 10:00:00 PM,9.9311,8.5689,-0.00014101
5/30/2018 9:00:00 PM,9.9325,8.5675,-4.2694e-06
5/30/2018 8:00:00 PM,9.9325,8.5675,-0.00021818
5/30/2018 7:00:00 PM,9.9347,8.5653,-0.00060904
5/30/2018 6:00:00 PM,9.9408,8.5592,-0.0012035
5/30/2018 5:00:00 PM,9.9528,8.5472,-0.0025195
5/30/2018 4:00:00 PM,9.978,8.522,-0.0048237
5/30/2018 3:00:00 PM,10.0262,8.4738,-0.0037571
5/30/2018 2:00:00 PM,10.0638,8.4362,-0.0025186
5/30/2018 1:00:00 PM,10.089,8.411,-0.0017586
5/30/2018 12:00:00 PM,10.1066,8.3934,-0.0021802
5/30/2018 11:00:00 AM,10.1284,8.3716,-0.0022104
5/30/2018 10:00:00 AM,10.1505,8.3495,-0.00084157
5/30/2018 9:00:00 AM,10.1589,8.3411,-0.00019951
5/30/2018 8:00:00 AM,10.1609,8.3391,-0.00035296
5/30/2018 7:00:00 AM,10.1644,8.3356,-0.00065147
5/30/2018 6:00:00 AM,10.171,8.329,-0.00078806
5/30/2018 5:00:00 AM,10.1788,8.3212,-0.00070157
5/30/2018 4:00:00 AM,10.1858,8.3142,-0.00056895
5/30/2018 3:00:00 AM,10.1915,8.3085,-0.00067631
5/30/2018 2:00:00 AM,10.1983,8.3017,-0.00042858
5/30/2018 1:00:00 AM,10.2026,8.2974,-0.00051791
5/30/2018,10.2078,8.2922,-0.00031192
5/29/2018 11:00:00 PM,10.2109,8.2891,-0.00014363
5/29/2018 10:00:00 PM,10.2123,8.2877,-0.00016805
5/29/2018 9:00:00 PM,10.214,8.286,0.00022566
5/29/2018 8:00:00 PM,10.2117,8.2883,-4.8268e-05
5/29/2018 7:00:00 PM,10.2122,8.2878,-0.00071135
5/29/2018 6:00:00 PM,10.2193,8.2807,-0.001454
5/29/2018 5:00:00 PM,10.2339,8.2661,-0.0020961
5/29/2018 4:00:00 PM,10.2548,8.2452,-0.0024463
5/29/2018 3:00:00 PM,10.2793,8.2207,-0.0026512
5/29/2018 2:00:00 PM,10.3058,8.1942,-0.0011992
5/29/2018 1:00:00 PM,10.3178,8.1822,-0.0012678
5/29/2018 12:00:00 PM,10.3305,8.1695,-0.0016529
5/29/2018 11:00:00 AM,10.347,8.153,-0.00070547
5/29/2018 10:00:00 AM,10.3541,8.1459,2.2249e-05
5/29/2018 9:00:00 AM,10.3538,8.1462,-6.1617e-06
5/29/2018 8:00:00 AM,10.3539,8.1461,-5.6832e-05
5/29/2018 7:00:00 AM,10.3545,8.1455,-0.00016675
5/29/2018 6:00:00 AM,10.3561,8.1439,-0.00022401
5/29/2018 5:00:00 AM,10.3584,8.1416,-0.00024058
5/29/2018 4:00:00 AM,10.3608,8.1392,0.00041479
5/29/2018 3:00:00 AM,10.3566,8.1434,0.00011464
5/29/2018 2:00:00 AM,10.3555,8.1445,-0.00052157
5/29/2018 1:00:00 AM,10.3607,8.1393,-0.00056498
5/29/2018,10.3664,8.1336,-0.00070091
5/28/2018 11:00:00 PM,10.3734,8.1266,-0.00034542
5/28/2018 10:00:00 PM,10.3768,8.1232,0.007903
5/28/2018 9:00:00 PM,10.2978,8.2022,0.0074158
5/28/2018 8:00:00 PM,10.2236,8.2764,0.0092067
5/28/2018 7:00:00 PM,10.1316,8.3684,0.017321
5/28/2018 6:00:00 PM,9.9584,8.5416,0.014079
5/28/2018 5:00:00 PM,9.8176,8.6824,-0.0021088
5/28/2018 4:00:00 PM,9.8387,8.6613,-0.001481
5/28/2018 3:00:00 PM,9.8535,8.6465,-0.00097823
5/28/2018 2:00:00 PM,9.8632,8.6368,-0.00031441
5/28/2018 1:00:00 PM,9.8664,8.6336,-0.0027872
5/28/2018 12:00:00 PM,9.8943,8.6057,-0.002682
5/28/2018 11:00:00 AM,9.9211,8.5789,-0.0021805
5/28/2018 10:00:00 AM,9.9429,8.5571,-0.0015016
5/28/2018 9:00:00 AM,9.9579,8.5421,-0.0003349
5/28/2018 8:00:00 AM,9.9613,8.5387,-0.00022116
5/28/2018 7:00:00 AM,9.9635,8.5365,-0.00038073
5/28/2018 6:00:00 AM,9.9673,8.5327,-0.00036663
5/28/2018 5:00:00 AM,9.9709,8.5291,-0.00031623
5/28/2018 4:00:00 AM,9.9741,8.5259,-0.00027324
5/28/2018 3:00:00 AM,9.9768,8.5232,-0.00044998
5/28/2018 2:00:00 AM,9.9813,8.5187,-0.00040912
5/28/2018 1:00:00 AM,9.9854,8.5146,-0.00039463
5/28/2018,9.9894,8.5106,-0.0002883
5/27/2018 11:00:00 PM,9.9923,8.5077,-0.00030717
5/27/2018 10:00:00 PM,9.9953,8.5047,-1.3503e-05
5/27/2018 9:00:00 PM,9.9955,8.5045,-2.005e-05
5/27/2018 8:00:00 PM,9.9957,8.5043,9.4148e-05
5/27/2018 7:00:00 PM,9.9947,8.5053,-0.00049046
5/27/2018 6:00:00 PM,9.9996,8.5004,-0.0015094
5/27/2018 5:00:00 PM,10.0147,8.4853,-0.0026713
5/27/2018 4:00:00 PM,10.0414,8.4586,-0.0027802
5/27/2018 3:00:00 PM,10.0692,8.4308,-0.0026092
5/27/2018 2:00:00 PM,10.0953,8.4047,-0.0014217
5/27/2018 1:00:00 PM,10.1095,8.3905,-0.0013376
5/27/2018 12:00:00 PM,10.1229,8.3771,-0.0016946
5/27/2018 11:00:00 AM,10.1399,8.3601,-0.0024905
5/27/2018 10:00:00 AM,10.1648,8.3352,-0.0014849
5/27/2018 9:00:00 AM,10.1796,8.3204,-2.495e-05
5/27/2018 8:00:00 AM,10.1799,8.3201,-0.00012894
5/27/2018 7:00:00 AM,10.1812,8.3188,-0.00015108
5/27/2018 6:00:00 AM,10.1827,8.3173,-0.00013231
5/27/2018 5:00:00 AM,10.184,8.316,-0.00021345
5/27/2018 4:00:00 AM,10.1861,8.3139,-0.00018514
5/27/2018 3:00:00 AM,10.188,8.312,-0.00019219
5/27/2018 2:00:00 AM,10.1899,8.3101,-0.00017109
5/27/2018 1:00:00 AM,10.1916,8.3084,-0.00013345
5/27/2018,10.1929,8.3071,-0.00012018
5/26/2018 11:00:00 PM,10.1941,8.3059,-3.5759e-05
5/26/2018 10:00:00 PM,10.1945,8.3055,0.00010524
5/26/2018 9:00:00 PM,10.1935,8.3065,-0.00024164
5/26/2018 8:00:00 PM,10.1959,8.3041,-0.00033467
5/26/2018 7:00:00 PM,10.1992,8.3008,-0.00015512
5/26/2018 6:00:00 PM,10.2008,8.2992,-0.002
5/26/2018 5:00:00 PM,10.2208,8.2792,-0.0030863
5/26/2018 4:00:00 PM,10.2516,8.2484,-0.0034749
5/26/2018 3:00:00 PM,10.2864,8.2136,-0.0032434
5/26/2018 2:00:00 PM,10.3188,8.1812,-0.003066
5/26/2018 1:00:00 PM,10.3495,8.1505,-0.0025909
5/26/2018 12:00:00 PM,10.3754,8.1246,-0.0022785
5/26/2018 11:00:00 AM,10.3982,8.1018,-0.001677
5/26/2018 10:00:00 AM,10.4149,8.0851,-0.0011614
5/26/2018 9:00:00 AM,10.4265,8.0735,-0.00063255
5/26/2018 8:00:00 AM,10.4329,8.0671,-0.00069261
5/26/2018 7:00:00 AM,10.4398,8.0602,-0.00096786
5/26/2018 6:00:00 AM,10.4495,8.0505,-0.0014789
5/26/2018 5:00:00 AM,10.4643,8.0357,-0.0013119
5/26/2018 4:00:00 AM,10.4774,8.0226,0.002562
5/26/2018 3:00:00 AM,10.4518,8.0482,0.17583
5/26/2018 2:00:00 AM,8.6934,9.8066,-0.00048902
5/26/2018 1:00:00 AM,8.6983,9.8017,-0.00035507
5/26/2018,8.7019,9.7981,-0.00037079
5/25/2018 11:00:00 PM,8.7056,9.7944,-0.00026298
5/25/2018 10:00:00 PM,8.7082,9.7918,-3.8747e-05
5/25/2018 9:00:00 PM,8.7086,9.7914,0.0003213
5/25/2018 8:00:00 PM,8.7054,9.7946,-0.00031676
5/25/2018 7:00:00 PM,8.7085,9.7915,-0.0012922
5/25/2018 6:00:00 PM,8.7215,9.7785,-0.0023732
5/25/2018 5:00:00 PM,8.7452,9.7548,-0.0044402
5/25/2018 4:00:00 PM,8.7896,9.7104,-0.0051791
5/25/2018 3:00:00 PM,8.8414,9.6586,-0.0061718
5/25/2018 2:00:00 PM,8.9031,9.5969,-0.0064221
5/25/2018 1:00:00 PM,8.9673,9.5327,-0.0054695
5/25/2018 12:00:00 PM,9.022,9.478,-0.0049591
5/25/2018 11:00:00 AM,9.0716,9.4284,-0.004085
5/25/2018 10:00:00 AM,9.1125,9.3875,-0.0029421
5/25/2018 9:00:00 AM,9.1419,9.3581,-0.00091861
5/25/2018 8:00:00 AM,9.1511,9.3489,-0.00037579
5/25/2018 7:00:00 AM,9.1548,9.3452,-0.00061726
5/25/2018 6:00:00 AM,9.161,9.339,-0.00066847
5/25/2018 5:00:00 AM,9.1677,9.3323,-0.00058695
5/25/2018 4:00:00 AM,9.1736,9.3264,-0.00053082
5/25/2018 3:00:00 AM,9.1789,9.3211,-0.00046882
5/25/2018 2:00:00 AM,9.1836,9.3164,-0.00048782
5/25/2018 1:00:00 AM,9.1884,9.3116,-0.00040236
5/25/2018,9.1925,9.3075,-0.00012166
5/24/2018 11:00:00 PM,9.1937,9.3063,-3.1707e-05
5/24/2018 10:00:00 PM,9.194,9.306,0.00010661
5/24/2018 9:00:00 PM,9.1929,9.3071,0.00010766
5/24/2018 8:00:00 PM,9.1918,9.3082,-0.00021259
5/24/2018 7:00:00 PM,9.194,9.306,-0.00053465
5/24/2018 6:00:00 PM,9.1993,9.3007,-0.0011532
5/24/2018 5:00:00 PM,9.2108,9.2892,-0.0040945
5/24/2018 4:00:00 PM,9.2518,9.2482,-0.0055945
5/24/2018 3:00:00 PM,9.3077,9.1923,-0.0056403
5/24/2018 2:00:00 PM,9.3641,9.1359,-0.0066161
5/24/2018 1:00:00 PM,9.4303,9.0697,-0.0058058
5/24/2018 12:00:00 PM,9.4884,9.0116,-0.0047969
5/24/2018 11:00:00 AM,9.5363,8.9637,-0.0037953
5/24/2018 10:00:00 AM,9.5743,8.9257,-0.002029
5/24/2018 9:00:00 AM,9.5946,8.9054,-0.00025042
5/24/2018 8:00:00 AM,9.5971,8.9029,-0.00026817
5/24/2018 7:00:00 AM,9.5998,8.9002,-0.00062277
5/24/2018 6:00:00 AM,9.606,8.894,-0.000668
5/24/2018 5:00:00 AM,9.6127,8.8873,-0.00070742
5/24/2018 4:00:00 AM,9.6197,8.8803,-0.00074617
5/24/2018 3:00:00 AM,9.6272,8.8728,-0.00073745
5/24/2018 2:00:00 AM,9.6346,8.8654,-0.00048039
5/24/2018 1:00:00 AM,9.6394,8.8606,-0.00062139
5/24/2018,9.6456,8.8544,-0.000383
5/23/2018 11:00:00 PM,9.6494,8.8506,-0.00038302
5/23/2018 10:00:00 PM,9.6533,8.8467,4.9494e-05
5/23/2018 9:00:00 PM,9.6528,8.8472,-0.00017952
5/23/2018 8:00:00 PM,9.6546,8.8454,-0.00016594
5/23/2018 7:00:00 PM,9.6562,8.8438,-0.0010587
5/23/2018 6:00:00 PM,9.6668,8.8332,-0.0018213
5/23/2018 5:00:00 PM,9.685,8.815,-0.0038133
5/23/2018 4:00:00 PM,9.7231,8.7769,-0.0044647
5/23/2018 3:00:00 PM,9.7678,8.7322,-0.005052
5/23/2018 2:00:00 PM,9.8183,8.6817,-0.0042391
5/23/2018 1:00:00 PM,9.8607,8.6393,-0.0031993
5/23/2018 12:00:00 PM,9.8927,8.6073,-0.0035806
5/23/2018 11:00:00 AM,9.9285,8.5715,-0.0024798
5/23/2018 10:00:00 AM,9.9533,8.5467,-0.0013318
5/23/2018 9:00:00 AM,9.9666,8.5334,-0.00016797
5/23/2018 8:00:00 AM,9.9683,8.5317,-8.7317e-05
5/23/2018 7:00:00 AM,9.9692,8.5308,-0.0002668
5/23/2018 6:00:00 AM,9.9718,8.5282,-0.00021836
5/23/2018 5:00:00 AM,9.974,8.526,-6.1375e-05
5/23/2018 4:00:00 AM,9.9746,8.5254,0.00011159
5/23/2018 3:00:00 AM,9.9735,8.5265,0.00024041
5/23/2018 2:00:00 AM,9.9711,8.5289,0.00019941
5/23/2018 1:00:00 AM,9.9691,8.5309,0.00056781
5/23/2018,9.9634,8.5366,0.00017413
5/22/2018 11:00:00 PM,9.9617,8.5383,0.0005319
5/22/2018 10:00:00 PM,9.9564,8.5436,0.00013467
5/22/2018 9:00:00 PM,9.955,8.545,0.00013187
5/22/2018 8:00:00 PM,9.9537,8.5463,6.5484e-05
5/22/2018 7:00:00 PM,9.9531,8.5469,-0.0012979
5/22/2018 6:00:00 PM,9.966,8.534,-0.0018818
5/22/2018 5:00:00 PM,9.9849,8.5151,-0.0021513
5/22/2018 4:00:00 PM,10.0064,8.4936,-0.0015178
5/22/2018 3:00:00 PM,10.0216,8.4784,-0.0013319
5/22/2018 2:00:00 PM,10.0349,8.4651,-0.0021358
5/22/2018 1:00:00 PM,10.0562,8.4438,-0.0012099
5/22/2018 12:00:00 PM,10.0683,8.4317,-0.00099149
5/22/2018 11:00:00 AM,10.0782,8.4218,-0.00076127
5/22/2018 10:00:00 AM,10.0859,8.4141,-0.00089837
5/22/2018 9:00:00 AM,10.0948,8.4052,-0.00013852
5/22/2018 8:00:00 AM,10.0962,8.4038,-0.00020935
5/22/2018 7:00:00 AM,10.0983,8.4017,-0.00032066
5/22/2018 6:00:00 AM,10.1015,8.3985,-0.00032653
5/22/2018 5:00:00 AM,10.1048,8.3952,-0.00019604
5/22/2018 4:00:00 AM,10.1068,8.3932,-0.00036016
5/22/2018 3:00:00 AM,10.1104,8.3896,-0.00020483
5/22/2018 2:00:00 AM,10.1124,8.3876,-0.00018059
5/22/2018 1:00:00 AM,10.1142,8.3858,-0.00018055
5/22/2018,10.116,8.384,9.209e-06
5/21/2018 11:00:00 PM,10.1159,8.3841,3.28e-05
5/21/2018 10:00:00 PM,10.1156,8.3844,9.0537e-05
5/21/2018 9:00:00 PM,10.1147,8.3853,0.00012012
5/21/2018 8:00:00 PM,10.1135,8.3865,-0.0003257
5/21/2018 7:00:00 PM,10.1167,8.3833,-0.00031567
5/21/2018 6:00:00 PM,10.1199,8.3801,-0.00047895
5/21/2018 5:00:00 PM,10.1247,8.3753,-0.0018706
5/21/2018 4:00:00 PM,10.1434,8.3566,-0.0027836
5/21/2018 3:00:00 PM,10.1712,8.3288,-0.0031212
5/21/2018 2:00:00 PM,10.2024,8.2976,-0.0031283
5/21/2018 1:00:00 PM,10.2337,8.2663,-0.002808
5/21/2018 12:00:00 PM,10.2618,8.2382,-0.0029373
5/21/2018 11:00:00 AM,10.2912,8.2088,-0.0022345
5/21/2018 10:00:00 AM,10.3135,8.1865,-0.0014845
5/21/2018 9:00:00 AM,10.3284,8.1716,-0.00045358
5/21/2018 8:00:00 AM,10.3329,8.1671,1.4885e-05
5/21/2018 7:00:00 AM,10.3328,8.1672,-0.0003056
5/21/2018 6:00:00 AM,10.3358,8.1642,-0.0001359
5/21/2018 5:00:00 AM,10.3372,8.1628,-1.3893e-06
5/21/2018 4:00:00 AM,10.3372,8.1628,-1.4136e-05
5/21/2018 3:00:00 AM,10.3373,8.1627,-0.00010129
5/21/2018 2:00:00 AM,10.3383,8.1617,4.2608e-05
5/21/2018 1:00:00 AM,10.3379,8.1621,0.00013155
5/21/2018,10.3366,8.1634,0.00026676
5/20/2018 11:00:00 PM,10.3339,8.1661,0.00022165
5/20/2018 10:00:00 PM,10.3317,8.1683,0.00030215
5/20/2018 9:00:00 PM,10.3287,8.1713,0.00039841
5/20/2018 8:00:00 PM,10.3247,8.1753,1.1718e-05
5/20/2018 7:00:00 PM,10.3246,8.1754,-0.00069382
5/20/2018 6:00:00 PM,10.3315,8.1685,-0.0019723
5/20/2018 5:00:00 PM,10.3513,8.1487,-0.0018099
5/20/2018 4:00:00 PM,10.3694,8.1306,-0.0025448
5/20/2018 3:00:00 PM,10.3948,8.1052,-0.0026149
5/20/2018 2:00:00 PM,10.421,8.079,-0.0024381
5/20/2018 1:00:00 PM,10.4453,8.0547,-0.0020077
5/20/2018 12:00:00 PM,10.4654,8.0346,-0.0017602
5/20/2018 11:00:00 AM,10.483,8.017,-0.0015234
5/20/2018 10:00:00 AM,10.4982,8.0018,-0.0010623
5/20/2018 9:00:00 AM,10.5089,7.9911,-0.00013352
5/20/2018 8:00:00 AM,10.5102,7.9898,-1.5359e-05
5/20/2018 7:00:00 AM,10.5104,7.9896,-0.00034209
5/20/2018 6:00:00 AM,10.5138,7.9862,-0.00021553
5/20/2018 5:00:00 AM,10.5159,7.9841,-0.00046667
5/20/2018 4:00:00 AM,10.5206,7.9794,-0.00049321
5/20/2018 3:00:00 AM,10.5255,7.9745,-0.00078388
5/20/2018 2:00:00 AM,10.5334,7.9666,-0.00095164
5/20/2018 1:00:00 AM,10.5429,7.9571,-0.001357
5/20/2018,10.5565,7.9435,-0.0004527
5/19/2018 11:00:00 PM,10.561,7.939,0.21297
5/19/2018 10:00:00 PM,8.4313,10.0687,0.0028129
5/19/2018 9:00:00 PM,8.4032,10.0968,0.00040557
5/19/2018 8:00:00 PM,8.3991,10.1009,-0.00028327
5/19/2018 7:00:00 PM,8.402,10.098,-0.0016932
5/19/2018 6:00:00 PM,8.4189,10.0811,-0.0013769
5/19/2018 5:00:00 PM,8.4327,10.0673,-0.0016121
5/19/2018 4:00:00 PM,8.4488,10.0512,-0.0027434
5/19/2018 3:00:00 PM,8.4762,10.0238,-0.0041277
5/19/2018 2:00:00 PM,8.5175,9.9825,-0.0040596
5/19/2018 1:00:00 PM,8.5581,9.9419,-0.0042665
5/19/2018 12:00:00 PM,8.6008,9.8992,-0.0046017
5/19/2018 11:00:00 AM,8.6468,9.8532,-0.0035961
5/19/2018 10:00:00 AM,8.6827,9.8173,-0.0025737
5/19/2018 9:00:00 AM,8.7085,9.7915,-0.001013
5/19/2018 8:00:00 AM,8.7186,9.7814,-0.00020654
5/19/2018 7:00:00 AM,8.7207,9.7793,-0.00027986
5/19/2018 6:00:00 AM,8.7235,9.7765,-0.00014989
5/19/2018 5:00:00 AM,8.725,9.775,-0.00025953
5/19/2018 4:00:00 AM,8.7276,9.7724,-0.00025685
5/19/2018 3:00:00 AM,8.7301,9.7699,-0.00011001
5/19/2018 2:00:00 AM,8.7312,9.7688,-4.1686e-06
5/19/2018 1:00:00 AM,8.7313,9.7687,0.00017938
5/19/2018,8.7295,9.7705,0.00040365
5/18/2018 11:00:00 PM,8.7254,9.7746,0.00082105
5/18/2018 10:00:00 PM,8.7172,9.7828,0.0019188
5/18/2018 9:00:00 PM,8.698,9.802,0.00045307
5/18/2018 8:00:00 PM,8.6935,9.8065,0.00028769
5/18/2018 7:00:00 PM,8.6906,9.8094,-0.00016179
5/18/2018 6:00:00 PM,8.6922,9.8078,-0.00052329
5/18/2018 5:00:00 PM,8.6975,9.8025,-0.0034812
5/18/2018 4:00:00 PM,8.7323,9.7677,-0.004444
5/18/2018 3:00:00 PM,8.7767,9.7233,-0.0051731
5/18/2018 2:00:00 PM,8.8285,9.6715,-0.0054789
5/18/2018 1:00:00 PM,8.8833,9.6167,-0.0054529
5/18/2018 12:00:00 PM,8.9378,9.5622,-0.0044003
5/18/2018 11:00:00 AM,8.9818,9.5182,-0.003108
5/18/2018 10:00:00 AM,9.0129,9.4871,-0.002182
5/18/2018 9:00:00 AM,9.0347,9.4653,-0.00059644
5/18/2018 8:00:00 AM,9.0407,9.4593,-0.00027236
5/18/2018 7:00:00 AM,9.0434,9.4566,-0.0002135
5/18/2018 6:00:00 AM,9.0455,9.4545,-0.00025551
5/18/2018 5:00:00 AM,9.0481,9.4519,-0.00039986
5/18/2018 4:00:00 AM,9.0521,9.4479,-0.00037375
5/18/2018 3:00:00 AM,9.0558,9.4442,-0.00032628
5/18/2018 2:00:00 AM,9.0591,9.4409,-0.00025798
5/18/2018 1:00:00 AM,9.0616,9.4384,-0.0002206
5/18/2018,9.0638,9.4362,-0.00025226
5/17/2018 11:00:00 PM,9.0664,9.4336,-1.0558e-05
5/17/2018 10:00:00 PM,9.0665,9.4335,-6.3445e-06
5/17/2018 9:00:00 PM,9.0665,9.4335,-8.0568e-05
5/17/2018 8:00:00 PM,9.0673,9.4327,-0.00061827
5/17/2018 7:00:00 PM,9.0735,9.4265,-0.0015339
5/17/2018 6:00:00 PM,9.0889,9.4111,-0.0014311
5/17/2018 5:00:00 PM,9.1032,9.3968,-0.0013495
5/17/2018 4:00:00 PM,9.1167,9.3833,-0.0031051
5/17/2018 3:00:00 PM,9.1477,9.3523,-0.0057092
5/17/2018 2:00:00 PM,9.2048,9.2952,-0.0057633
5/17/2018 1:00:00 PM,9.2624,9.2376,-0.0046236
5/17/2018 12:00:00 PM,9.3087,9.1913,-0.004578
5/17/2018 11:00:00 AM,9.3545,9.1455,-0.0041379
5/17/2018 10:00:00 AM,9.3958,9.1042,-0.0031286
5/17/2018 9:00:00 AM,9.4271,9.0729,-0.0014329
5/17/2018 8:00:00 AM,9.4415,9.0585,-0.00033283
5/17/2018 7:00:00 AM,9.4448,9.0552,-0.00046679
5/17/2018 6:00:00 AM,9.4495,9.0505,-0.00065478
5/17/2018 5:00:00 AM,9.456,9.044,-0.00038458
5/17/2018 4:00:00 AM,9.4598,9.0402,-0.00035395
5/17/2018 3:00:00 AM,9.4634,9.0366,-0.00018538
5/17/2018 2:00:00 AM,9.4652,9.0348,-4.2789e-05
5/17/2018 1:00:00 AM,9.4657,9.0343,-0.00032013
5/17/2018,9.4689,9.0311,-0.00033074
5/16/2018 11:00:00 PM,9.4722,9.0278,-0.00011428
5/16/2018 10:00:00 PM,9.4733,9.0267,-5.3801e-05
5/16/2018 9:00:00 PM,9.4739,9.0261,4.3654e-05
5/16/2018 8:00:00 PM,9.4734,9.0266,0.00024066
5/16/2018 7:00:00 PM,9.471,9.029,-0.0014656
5/16/2018 6:00:00 PM,9.4857,9.0143,-0.0027456
5/16/2018 5:00:00 PM,9.5131,8.9869,-0.0042842
5/16/2018 4:00:00 PM,9.556,8.944,-0.0056396
5/16/2018 3:00:00 PM,9.6124,8.8876,-0.0057317
5/16/2018 2:00:00 PM,9.6697,8.8303,-0.00593
5/16/2018 1:00:00 PM,9.729,8.771,-0.0055642
5/16/2018 12:00:00 PM,9.7846,8.7154,-0.0047061
5/16/2018 11:00:00 AM,9.8317,8.6683,-0.0039932
5/16/2018 10:00:00 AM,9.8716,8.6284,-0.0027085
5/16/2018 9:00:00 AM,9.8987,8.6013,-0.00044259
5/16/2018 8:00:00 AM,9.9031,8.5969,-0.00013696
5/16/2018 7:00:00 AM,9.9045,8.5955,-0.00049842
5/16/2018 6:00:00 AM,9.9095,8.5905,-0.00046642
5/16/2018 5:00:00 AM,9.9141,8.5859,-0.00053848
5/16/2018 4:00:00 AM,9.9195,8.5805,-0.00049884
5/16/2018 3:00:00 AM,9.9245,8.5755,-0.00054679
5/16/2018 2:00:00 AM,9.93,8.57,-0.00049668
5/16/2018 1:00:00 AM,9.935,8.565,-0.0004608
5/16/2018,9.9396,8.5604,-0.00027123
5/15/2018 11:00:00 PM,9.9423,8.5577,1.6041e-05
5/15/2018 10:00:00 PM,9.9421,8.5579,-5.9897e-05
5/15/2018 9:00:00 PM,9.9427,8.5573,0.00021278
5/15/2018 8:00:00 PM,9.9406,8.5594,-0.00058712
5/15/2018 7:00:00 PM,9.9465,8.5535,-0.0016374
5/15/2018 6:00:00 PM,9.9628,8.5372,-0.0032097
5/15/2018 5:00:00 PM,9.9949,8.5051,-0.005727
5/15/2018 4:00:00 PM,10.0522,8.4478,-0.0054391
5/15/2018 3:00:00 PM,10.1066,8.3934,-0.0047374
5/15/2018 2:00:00 PM,10.154,8.346,-0.0042717
5/15/2018 1:00:00 PM,10.1967,8.3033,-0.0038503
5/15/2018 12:00:00 PM,10.2352,8.2648,-0.0034007
5/15/2018 11:00:00 AM,10.2692,8.2308,-0.0027097
5/15/2018 10:00:00 AM,10.2963,8.2037,-0.0015471
5/15/2018 9:00:00 AM,10.3118,8.1882,-0.00032502
5/15/2018 8:00:00 AM,10.315,8.185,-0.0001092
5/15/2018 7:00:00 AM,10.3161,8.1839,-0.00041403
5/15/2018 6:00:00 AM,10.3202,8.1798,-0.00053947
5/15/2018 5:00:00 AM,10.3256,8.1744,-0.00053392
5/15/2018 4:00:00 AM,10.331,8.169,-0.00056721
5/15/2018 3:00:00 AM,10.3366,8.1634,-0.00035704
5/15/2018 2:00:00 AM,10.3402,8.1598,-0.00028632
5/15/2018 1:00:00 AM,10.3431,8.1569,-0.00019762
5/15/2018,10.3451,8.1549,-8.5646e-05
5/14/2018 11:00:00 PM,10.3459,8.1541,-2.6802e-05
5/14/2018 10:00:00 PM,10.3462,8.1538,-4.4226e-05
5/14/2018 9:00:00 PM,10.3466,8.1534,-0.00014461
5/14/2018 8:00:00 PM,10.3481,8.1519,-0.00019527
5/14/2018 7:00:00 PM,10.35,8.15,-0.0010571
5/14/2018 6:00:00 PM,10.3606,8.1394,-0.0016208
5/14/2018 5:00:00 PM,10.3768,8.1232,-0.00088528
5/14/2018 4:00:00 PM,10.3857,8.1143,-0.0026722
5/14/2018 3:00:00 PM,10.4124,8.0876,-0.0032149
5/14/2018 2:00:00 PM,10.4445,8.0555,-0.0031847
5/14/2018 1:00:00 PM,10.4764,8.0236,-0.0028774
5/14/2018 12:00:00 PM,10.5051,7.9949,-0.0023196
5/14/2018 11:00:00 AM,10.5283,7.9717,-0.0016626
5/14/2018 10:00:00 AM,10.545,7.955,-0.00085466
5/14/2018 9:00:00 AM,10.5535,7.9465,-0.00012081
5/14/2018 8:00:00 AM,10.5547,7.9453,-5.5607e-05
5/14/2018 7:00:00 AM,10.5553,7.9447,-0.00035032
5/14/2018 6:00:00 AM,10.5588,7.9412,-0.00040897
5/14/2018 5:00:00 AM,10.5629,7.9371,-0.00023277
5/14/2018 4:00:00 AM,10.5652,7.9348,-0.0002421
5/14/2018 3:00:00 AM,10.5676,7.9324,-0.00026745
5/14/2018 2:00:00 AM,10.5703,7.9297,-0.00019797
5/14/2018 1:00:00 AM,10.5723,7.9277,-6.0297e-05
5/14/2018,10.5729,7.9271,-1.9498e-05
5/13/2018 11:00:00 PM,10.5731,7.9269,0.00010039
5/13/2018 10:00:00 PM,10.5721,7.9279,0.00043217
5/13/2018 9:00:00 PM,10.5677,7.9323,0.00096741
5/13/2018 8:00:00 PM,10.5581,7.9419,0.00023648
5/13/2018 7:00:00 PM,10.5557,7.9443,-0.00022841
5/13/2018 6:00:00 PM,10.558,7.942,-0.00050479
5/13/2018 5:00:00 PM,10.563,7.937,-0.0017582
5/13/2018 4:00:00 PM,10.5806,7.9194,-0.0020424
5/13/2018 3:00:00 PM,10.601,7.899,-0.0016421
5/13/2018 2:00:00 PM,10.6175,7.8825,-0.0026075
5/13/2018 1:00:00 PM,10.6435,7.8565,-0.002322
5/13/2018 12:00:00 PM,10.6668,7.8332,-0.0020718
5/13/2018 11:00:00 AM,10.6875,7.8125,-0.0017441
5/13/2018 10:00:00 AM,10.7049,7.7951,-0.00064744
5/13/2018 9:00:00 AM,10.7114,7.7886,7.1149e-05
5/13/2018 8:00:00 AM,10.7107,7.7893,7.4413e-05
5/13/2018 7:00:00 AM,10.7099,7.7901,-0.00010692
5/13/2018 6:00:00 AM,10.711,7.789,-0.00022893
5/13/2018 5:00:00 AM,10.7133,7.7867,-0.00018382
5/13/2018 4:00:00 AM,10.7151,7.7849,-0.00024192
5/13/2018 3:00:00 AM,10.7176,7.7824,-0.0002784
5/13/2018 2:00:00 AM,10.7203,7.7797,-0.00025779
5/13/2018 1:00:00 AM,10.7229,7.7771,-0.00011239
5/13/2018,10.724,7.776,-0.00012174
5/12/2018 11:00:00 PM,10.7253,7.7747,-6.2585e-05
5/12/2018 10:00:00 PM,10.7259,7.7741,1.045e-05
5/12/2018 9:00:00 PM,10.7258,7.7742,-0.00018404
5/12/2018 8:00:00 PM,10.7276,7.7724,-7.3523e-05
5/12/2018 7:00:00 PM,10.7284,7.7716,-0.00066107
5/12/2018 6:00:00 PM,10.735,7.765,-0.00072277
5/12/2018 5:00:00 PM,10.7422,7.7578,-0.0009092
5/12/2018 4:00:00 PM,10.7513,7.7487,-0.0011748
5/12/2018 3:00:00 PM,10.763,7.737,-0.0017509
5/12/2018 2:00:00 PM,10.7805,7.7195,0.0049176
5/12/2018 1:00:00 PM,10.7314,7.7686,0.0041088
5/12/2018 12:00:00 PM,10.6903,7.8097,0.0050722
5/12/2018 11:00:00 AM,10.6396,7.8604,-0.0001266
5/12/2018 10:00:00 AM,10.6408,7.8592,-0.0014316
5/12/2018 9:00:00 AM,10.6551,7.8449,-0.00077433
5/12/2018 8:00:00 AM,10.6629,7.8371,-0.00085022
5/12/2018 7:00:00 AM,10.6714,7.8286,-0.00055473
5/12/2018 6:00:00 AM,10.6769,7.8231,0.011099
5/12/2018 5:00:00 AM,10.5659,7.9341,0.0044023
5/12/2018 4:00:00 AM,10.5219,7.9781,0.0060054
5/12/2018 3:00:00 AM,10.4619,8.0381,0.0012388
5/12/2018 2:00:00 AM,10.4495,8.0505,-0.0003514
5/12/2018 1:00:00 AM,10.453,8.047,-0.00050332
5/12/2018,10.458,8.042,-0.00054066
5/11/2018 11:00:00 PM,10.4634,8.0366,-0.00046377
5/11/2018 10:00:00 PM,10.4681,8.0319,-0.00048447
5/11/2018 9:00:00 PM,10.4729,8.0271,-0.00053555
5/11/2018 8:00:00 PM,10.4783,8.0217,-0.00074093
5/11/2018 7:00:00 PM,10.4857,8.0143,-0.00087814
5/11/2018 6:00:00 PM,10.4945,8.0055,-0.00077015
5/11/2018 5:00:00 PM,10.5022,7.9978,-0.00066601
5/11/2018 4:00:00 PM,10.5088,7.9912,-0.00044621
5/11/2018 3:00:00 PM,10.5133,7.9867,-0.00019092
5/11/2018 2:00:00 PM,10.5152,7.9848,0.00073159
5/11/2018 1:00:00 PM,10.5079,7.9921,0.0021116
5/11/2018 12:00:00 PM,10.4868,8.0132,0.0092089
5/11/2018 11:00:00 AM,10.3947,8.1053,0.0098711
5/11/2018 10:00:00 AM,10.296,8.204,0.0055254
5/11/2018 9:00:00 AM,10.2407,8.2593,0.0022031
5/11/2018 8:00:00 AM,10.2187,8.2813,-0.00052192
5/11/2018 7:00:00 AM,10.2239,8.2761,-0.00048075
5/11/2018 6:00:00 AM,10.2287,8.2713,-0.0003831
5/11/2018 5:00:00 AM,10.2325,8.2675,-0.00035121
5/11/2018 4:00:00 AM,10.236,8.264,-0.00035354
5/11/2018 3:00:00 AM,10.2396,8.2604,-0.00029342
5/11/2018 2:00:00 AM,10.2425,8.2575,-0.00036211
5/11/2018 1:00:00 AM,10.2461,8.2539,-0.00037112
5/11/2018,10.2498,8.2502,-0.00055406
5/10/2018 11:00:00 PM,10.2554,8.2446,-0.00029907
5/10/2018 10:00:00 PM,10.2584,8.2416,-9.0087e-05
5/10/2018 9:00:00 PM,10.2593,8.2407,-0.00019112
5/10/2018 8:00:00 PM,10.2612,8.2388,-0.00087709
5/10/2018 7:00:00 PM,10.27,8.23,-0.00072861
5/10/2018 6:00:00 PM,10.2772,8.2228,-0.002336
5/10/2018 5:00:00 PM,10.3006,8.1994,-0.0024262
5/10/2018 4:00:00 PM,10.3249,8.1751,-0.0023201
5/10/2018 3:00:00 PM,10.3481,8.1519,-0.0022071
5/10/2018 2:00:00 PM,10.3701,8.1299,-0.0029051
5/10/2018 1:00:00 PM,10.3992,8.1008,-0.0024358
5/10/2018 12:00:00 PM,10.4235,8.0765,-0.001723
5/10/2018 11:00:00 AM,10.4408,8.0592,-0.0011427
5/10/2018 10:00:00 AM,10.4522,8.0478,-0.00076819
5/10/2018 9:00:00 AM,10.4599,8.0401,0.00037123
5/10/2018 8:00:00 AM,10.4562,8.0438,0.00082136
5/10/2018 7:00:00 AM,10.448,8.052,0.00077603
5/10/2018 6:00:00 AM,10.4402,8.0598,-6.0521e-05
5/10/2018 5:00:00 AM,10.4408,8.0592,-7.7498e-05
5/10/2018 4:00:00 AM,10.4416,8.0584,-9.093e-05
5/10/2018 3:00:00 AM,10.4425,8.0575,-0.00025357
5/10/2018 2:00:00 AM,10.445,8.055,-0.00010197
5/10/2018 1:00:00 AM,10.446,8.054,-0.00010465
5/10/2018,10.4471,8.0529,-8.5218e-05
5/9/2018 11:00:00 PM,10.4479,8.0521,4.1649e-05
5/9/2018 10:00:00 PM,10.4475,8.0525,-0.00056142
5/9/2018 9:00:00 PM,10.4531,8.0469,0.00033763
5/9/2018 8:00:00 PM,10.4498,8.0502,0.00056695
5/9/2018 7:00:00 PM,10.4441,8.0559,-0.0007622
5/9/2018 6:00:00 PM,10.4517,8.0483,-0.0014661
5/9/2018 5:00:00 PM,10.4664,8.0336,-0.0017718
5/9/2018 4:00:00 PM,10.4841,8.0159,-0.002846
5/9/2018 3:00:00 PM,10.5126,7.9874,-0.0032437
5/9/2018 2:00:00 PM,10.545,7.955,-0.0028376
5/9/2018 1:00:00 PM,10.5734,7.9266,-0.0025738
5/9/2018 12:00:00 PM,10.5991,7.9009,-0.0019497
5/9/2018 11:00:00 AM,10.6186,7.8814,-0.0017732
5/9/2018 10:00:00 AM,10.6363,7.8637,-0.001549
5/9/2018 9:00:00 AM,10.6518,7.8482,-0.0013024
5/9/2018 8:00:00 AM,10.6648,7.8352,-0.00015373
5/9/2018 7:00:00 AM,10.6664,7.8336,0.00021962
5/9/2018 6:00:00 AM,10.6642,7.8358,0.0010425
5/9/2018 5:00:00 AM,10.6538,7.8462,0.0032954
5/9/2018 4:00:00 AM,10.6208,7.8792,0.0093214
5/9/2018 3:00:00 AM,10.5276,7.9724,0.057893
5/9/2018 2:00:00 AM,9.9487,8.5513,0.13955
5/9/2018 1:00:00 AM,8.5532,9.9468,6.8173e-06
5/9/2018,8.5532,9.9468,0.0001183
5/8/2018 11:00:00 PM,8.552,9.948,0.00021334
5/8/2018 10:00:00 PM,8.5498,9.9502,0.00020333
5/8/2018 9:00:00 PM,8.5478,9.9522,0.00016219
5/8/2018 8:00:00 PM,8.5462,9.9538,-0.00060109
5/8/2018 7:00:00 PM,8.5522,9.9478,-0.0016852
5/8/2018 6:00:00 PM,8.569,9.931,-0.0024047
5/8/2018 5:00:00 PM,8.5931,9.9069,-0.002465
5/8/2018 4:00:00 PM,8.6177,9.8823,-0.0020554
5/8/2018 3:00:00 PM,8.6383,9.8617,-0.001967
5/8/2018 2:00:00 PM,8.658,9.842,-0.0021528
5/8/2018 1:00:00 PM,8.6795,9.8205,-0.0026026
5/8/2018 12:00:00 PM,8.7055,9.7945,-0.0033297
5/8/2018 11:00:00 AM,8.7388,9.7612,-0.0036344
5/8/2018 10:00:00 AM,8.7752,9.7248,-0.0035731
5/8/2018 9:00:00 AM,8.8109,9.6891,-0.0029529
5/8/2018 8:00:00 AM,8.8404,9.6596,-0.00065389
5/8/2018 7:00:00 AM,8.847,9.653,-0.00030088
5/8/2018 6:00:00 AM,8.85,9.65,-0.00049336
5/8/2018 5:00:00 AM,8.8549,9.6451,-0.00041932
5/8/2018 4:00:00 AM,8.8591,9.6409,-0.00035257
5/8/2018 3:00:00 AM,8.8626,9.6374,-0.00027747
5/8/2018 2:00:00 AM,8.8654,9.6346,-0.00016653
5/8/2018 1:00:00 AM,8.8671,9.6329,6.9822e-05
5/8/2018,8.8664,9.6336,0.0001256
5/7/2018 11:00:00 PM,8.8651,9.6349,0.00021685
5/7/2018 10:00:00 PM,8.8629,9.6371,0.00035124
5/7/2018 9:00:00 PM,8.8594,9.6406,0.00053215
5/7/2018 8:00:00 PM,8.8541,9.6459,-0.00047595
5/7/2018 7:00:00 PM,8.8589,9.6411,-0.0017182
5/7/2018 6:00:00 PM,8.876,9.624,-0.0024785
5/7/2018 5:00:00 PM,8.9008,9.5992,-0.0030187
5/7/2018 4:00:00 PM,8.931,9.569,-0.0024301
5/7/2018 3:00:00 PM,8.9553,9.5447,-0.0022493
5/7/2018 2:00:00 PM,8.9778,9.5222,-0.0029422
5/7/2018 1:00:00 PM,9.0072,9.4928,-0.0038277
5/7/2018 12:00:00 PM,9.0455,9.4545,-0.0037906
5/7/2018 11:00:00 AM,9.0834,9.4166,-0.0029841
5/7/2018 10:00:00 AM,9.1133,9.3867,-0.0031019
5/7/2018 9:00:00 AM,9.1443,9.3557,-0.0027363
5/7/2018 8:00:00 AM,9.1716,9.3284,-0.00035185
5/7/2018 7:00:00 AM,9.1752,9.3248,-0.00027231
5/7/2018 6:00:00 AM,9.1779,9.3221,-0.00030365
5/7/2018 5:00:00 AM,9.1809,9.3191,-0.00018191
5/7/2018 4:00:00 AM,9.1827,9.3173,-0.00015033
5/7/2018 3:00:00 AM,9.1842,9.3158,3.1888e-05
5/7/2018 2:00:00 AM,9.1839,9.3161,-3.4746e-05
5/7/2018 1:00:00 AM,9.1843,9.3157,2.2793e-05
5/7/2018,9.184,9.316,-0.00014298
5/6/2018 11:00:00 PM,9.1855,9.3145,0.0001036
5/6/2018 10:00:00 PM,9.1844,9.3156,0.000307
5/6/2018 9:00:00 PM,9.1814,9.3186,0.00072298
5/6/2018 8:00:00 PM,9.1741,9.3259,0.0003377
5/6/2018 7:00:00 PM,9.1708,9.3292,-0.00066463
5/6/2018 6:00:00 PM,9.1774,9.3226,-0.0021108
5/6/2018 5:00:00 PM,9.1985,9.3015,-0.0033003
5/6/2018 4:00:00 PM,9.2315,9.2685,-0.0035575
5/6/2018 3:00:00 PM,9.2671,9.2329,-0.0033091
5/6/2018 2:00:00 PM,9.3002,9.1998,-0.0032382
5/6/2018 1:00:00 PM,9.3326,9.1674,-0.0033802
5/6/2018 12:00:00 PM,9.3664,9.1336,-0.0038505
5/6/2018 11:00:00 AM,9.4049,9.0951,-0.0040509
5/6/2018 10:00:00 AM,9.4454,9.0546,-0.0045671
5/6/2018 9:00:00 AM,9.491,9.009,-0.0031461
5/6/2018 8:00:00 AM,9.5225,8.9775,-0.00092286
5/6/2018 7:00:00 AM,9.5317,8.9683,-0.00041698
5/6/2018 6:00:00 AM,9.5359,8.9641,-0.00010482
5/6/2018 5:00:00 AM,9.537,8.963,6.5833e-05
5/6/2018 4:00:00 AM,9.5363,8.9637,-2.0394e-06
5/6/2018 3:00:00 AM,9.5363,8.9637,-1.7092e-05
5/6/2018 2:00:00 AM,9.5365,8.9635,9.0742e-06
5/6/2018 1:00:00 AM,9.5364,8.9636,-8.3588e-05
5/6/2018,9.5372,8.9628,2.0608e-05
5/5/2018 11:00:00 PM,9.537,8.963,0.00012875
5/5/2018 10:00:00 PM,9.5357,8.9643,0.00037662
5/5/2018 9:00:00 PM,9.532,8.968,0.00069435
5/5/2018 8:00:00 PM,9.525,8.975,0.0011902
5/5/2018 7:00:00 PM,9.5131,8.9869,0.00021185
5/5/2018 6:00:00 PM,9.511,8.989,-0.0012706
5/5/2018 5:00:00 PM,9.5237,8.9763,-0.0021872
5/5/2018 4:00:00 PM,9.5456,8.9544,-0.002874
5/5/2018 3:00:00 PM,9.5743,8.9257,-0.0031541
5/5/2018 2:00:00 PM,9.6059,8.8941,-0.0035833
5/5/2018 1:00:00 PM,9.6417,8.8583,-0.0040612
5/5/2018 12:00:00 PM,9.6823,8.8177,-0.0039672
5/5/2018 11:00:00 AM,9.722,8.778,-0.0038304
5/5/2018 10:00:00 AM,9.7603,8.7397,-0.0032864
5/5/2018 9:00:00 AM,9.7932,8.7068,-0.001896
5/5/2018 8:00:00 AM,9.8121,8.6879,-0.0002949
5/5/2018 7:00:00 AM,9.8151,8.6849,-0.00058922
5/5/2018 6:00:00 AM,9.821,8.679,-0.00064504
5/5/2018 5:00:00 AM,9.8274,8.6726,-0.00069462
5/5/2018 4:00:00 AM,9.8344,8.6656,-0.00061178
5/5/2018 3:00:00 AM,9.8405,8.6595,-0.00045158
5/5/2018 2:00:00 AM,9.845,8.655,-0.00041663
5/5/2018 1:00:00 AM,9.8492,8.6508,-0.00030184
5/5/2018,9.8522,8.6478,-2.4411e-05
5/4/2018 11:00:00 PM,9.8524,8.6476,3.0806e-05
5/4/2018 10:00:00 PM,9.8521,8.6479,0.00022803
5/4/2018 9:00:00 PM,9.8498,8.6502,0.0006293
5/4/2018 8:00:00 PM,9.8435,8.6565,0.00074568
5/4/2018 7:00:00 PM,9.8361,8.6639,-0.00087429
5/4/2018 6:00:00 PM,9.8448,8.6552,-0.002687
5/4/2018 5:00:00 PM,9.8717,8.6283,-0.0028642
5/4/2018 4:00:00 PM,9.9003,8.5997,-0.0027081
5/4/2018 3:00:00 PM,9.9274,8.5726,-0.0028826
5/4/2018 2:00:00 PM,9.9562,8.5438,-0.0033231
5/4/2018 1:00:00 PM,9.9895,8.5105,-0.0038547
5/4/2018 12:00:00 PM,10.028,8.472,-0.003442
5/4/2018 11:00:00 AM,10.0624,8.4376,-0.0028259
5/4/2018 10:00:00 AM,10.0907,8.4093,-0.0026624
5/4/2018 9:00:00 AM,10.1173,8.3827,-0.00071905
5/4/2018 8:00:00 AM,10.1245,8.3755,-0.00034217
5/4/2018 7:00:00 AM,10.1279,8.3721,-0.00071925
5/4/2018 6:00:00 AM,10.1351,8.3649,-0.00093086
5/4/2018 5:00:00 AM,10.1444,8.3556,-0.00086457
5/4/2018 4:00:00 AM,10.1531,8.3469,-0.00089706
5/4/2018 3:00:00 AM,10.162,8.338,-0.00081065
5/4/2018 2:00:00 AM,10.1702,8.3298,-0.0008201
5/4/2018 1:00:00 AM,10.1784,8.3216,-0.00073074
5/4/2018,10.1857,8.3143,-0.00073706
5/3/2018 11:00:00 PM,10.193,8.307,-0.00059491
5/3/2018 10:00:00 PM,10.199,8.301,-0.00047934
5/3/2018 9:00:00 PM,10.2038,8.2962,-8.3288e-05
5/3/2018 8:00:00 PM,10.2046,8.2954,0.00042536
5/3/2018 7:00:00 PM,10.2004,8.2996,0.00021902
5/3/2018 6:00:00 PM,10.1982,8.3018,-0.0012968
5/3/2018 5:00:00 PM,10.2111,8.2889,-0.0016408
5/3/2018 4:00:00 PM,10.2275,8.2725,-0.0024549
5/3/2018 3:00:00 PM,10.2521,8.2479,-0.0022223
5/3/2018 2:00:00 PM,10.2743,8.2257,-0.0019218
5/3/2018 1:00:00 PM,10.2935,8.2065,-0.0023154
5/3/2018 12:00:00 PM,10.3167,8.1833,-0.002413
5/3/2018 11:00:00 AM,10.3408,8.1592,-0.0023983
5/3/2018 10:00:00 AM,10.3648,8.1352,-0.00064076
5/3/2018 9:00:00 AM,10.3712,8.1288,5.7903e-05
5/3/2018 8:00:00 AM,10.3706,8.1294,-0.0005754
5/3/2018 7:00:00 AM,10.3764,8.1236,-0.00067581
5/3/2018 6:00:00 AM,10.3831,8.1169,-0.0010665
5/3/2018 5:00:00 AM,10.3938,8.1062,-0.001119
5/3/2018 4:00:00 AM,10.405,8.095,-0.00090029
5/3/2018 3:00:00 AM,10.414,8.086,-0.0010476
5/3/2018 2:00:00 AM,10.4245,8.0755,-0.00099132
5/3/2018 1:00:00 AM,10.4344,8.0656,-0.00093727
5/3/2018,10.4438,8.0562,-0.0010659
5/2/2018 11:00:00 PM,10.4544,8.0456,-0.00080339
5/2/2018 10:00:00 PM,10.4625,8.0375,-0.00051761
5/2/2018 9:00:00 PM,10.4676,8.0324,-0.000255
5/2/2018 8:00:00 PM,10.4702,8.0298,-0.00033115
5/2/2018 7:00:00 PM,10.4735,8.0265,-0.00084899
5/2/2018 6:00:00 PM,10.482,8.018,-0.00088778
5/2/2018 5:00:00 PM,10.4909,8.0091,-0.0016847
5/2/2018 4:00:00 PM,10.5077,7.9923,-0.0022528
5/2/2018 3:00:00 PM,10.5302,7.9698,-0.0026866
5/2/2018 2:00:00 PM,10.5571,7.9429,-0.002288
5/2/2018 1:00:00 PM,10.58,7.92,-0.0010463
5/2/2018 12:00:00 PM,10.5904,7.9096,-0.0011705
5/2/2018 11:00:00 AM,10.6021,7.8979,-0.0010922
5/2/2018 10:00:00 AM,10.6131,7.8869,-0.0012071
5/2/2018 9:00:00 AM,10.6251,7.8749,-0.0004323
5/2/2018 8:00:00 AM,10.6295,7.8705,-0.00068574
5/2/2018 7:00:00 AM,10.6363,7.8637,-0.00099742
5/2/2018 6:00:00 AM,10.6463,7.8537,-0.0009137
5/2/2018 5:00:00 AM,10.6554,7.8446,-0.00082326
5/2/2018 4:00:00 AM,10.6637,7.8363,-0.00091106
5/2/2018 3:00:00 AM,10.6728,7.8272,-0.0010389
5/2/2018 2:00:00 AM,10.6832,7.8168,-0.0010717
5/2/2018 1:00:00 AM,10.6939,7.8061,-0.00073824
5/2/2018,10.7013,7.7987,-0.0015669
5/1/2018 11:00:00 PM,10.7169,7.7831,-0.00050156
5/1/2018 10:00:00 PM,10.7219,7.7781,-0.0017838
5/1/2018 9:00:00 PM,10.7398,7.7602,-0.00074632
5/1/2018 8:00:00 PM,10.7472,7.7528,-0.0010134
5/1/2018 7:00:00 PM,10.7574,7.7426,-0.00013899
5/1/2018 6:00:00 PM,10.7588,7.7412,-0.0017191
5/1/2018 5:00:00 PM,10.776,7.724,-0.0017916
5/1/2018 4:00:00 PM,10.7939,7.7061,-0.00065341
5/1/2018 3:00:00 PM,10.8004,7.6996,0.00055777
5/1/2018 2:00:00 PM,10.7948,7.7052,-1.5209e-05
5/1/2018 1:00:00 PM,10.795,7.705,-0.00087332
5/1/2018 12:00:00 PM,10.8037,7.6963,-0.0010125
5/1/2018 11:00:00 AM,10.8138,7.6862,-0.00089275
5/1/2018 10:00:00 AM,10.8228,7.6772,-0.0003943
5/1/2018 9:00:00 AM,10.8267,7.6733,7.153e-05
5/1/2018 8:00:00 AM,10.826,7.674,-0.00073197
5/1/2018 7:00:00 AM,10.8333,7.6667,-0.00086936
5/1/2018 6:00:00 AM,10.842,7.658,-0.0011101
5/1/2018 5:00:00 AM,10.8531,7.6469,-0.0011371
5/1/2018 4:00:00 AM,10.8645,7.6355,-0.0012146
5/1/2018 3:00:00 AM,10.8766,7.6234,-0.0011585
5/1/2018 2:00:00 AM,10.8882,7.6118,-0.0013752
5/1/2018 1:00:00 AM,10.902,7.598,-0.0010752
5/1/2018,10.9127,7.5873,-0.0010373
4/30/2018 11:00:00 PM,10.9231,7.5769,-0.00092367
4/30/2018 10:00:00 PM,10.9323,7.5677,-0.00081593
4/30/2018 9:00:00 PM,10.9405,7.5595,-0.00094839
4/30/2018 8:00:00 PM,10.95,7.55,-0.0006149
4/30/2018 7:00:00 PM,10.9561,7.5439,-0.00012496
4/30/2018 6:00:00 PM,10.9574,7.5426,0.0020981
4/30/2018 5:00:00 PM,10.9364,7.5636,0.0034485
4/30/2018 4:00:00 PM,10.9019,7.5981,0.003371
4/30/2018 3:00:00 PM,10.8682,7.6318,0.0055111
4/30/2018 2:00:00 PM,10.8131,7.6869,0.0075447
4/30/2018 1:00:00 PM,10.7376,7.7624,0.012825
4/30/2018 12:00:00 PM,10.6094,7.8906,0.0052746
4/30/2018 11:00:00 AM,10.5566,7.9434,0.0065552
4/30/2018 10:00:00 AM,10.4911,8.0089,0.0043038
4/30/2018 9:00:00 AM,10.4481,8.0519,0.0076089
4/30/2018 8:00:00 AM,10.372,8.128,0.0060765
4/30/2018 7:00:00 AM,10.3112,8.1888,0.0046119
4/30/2018 6:00:00 AM,10.2651,8.2349,0.00058605
4/30/2018 5:00:00 AM,10.2592,8.2408,-0.0002565
4/30/2018 4:00:00 AM,10.2618,8.2382,-0.00022019
4/30/2018 3:00:00 AM,10.264,8.236,-0.00048417
4/30/2018 2:00:00 AM,10.2688,8.2312,-0.00044658
4/30/2018 1:00:00 AM,10.2733,8.2267,-0.00034529
4/30/2018,10.2767,8.2233,-0.00053754
4/29/2018 11:00:00 PM,10.2821,8.2179,-0.0004886
4/29/2018 10:00:00 PM,10.287,8.213,-0.00050532
4/29/2018 9:00:00 PM,10.2921,8.2079,-0.00025972
4/29/2018 8:00:00 PM,10.2947,8.2053,-0.00016319
4/29/2018 7:00:00 PM,10.2963,8.2037,-0.0011903
4/29/2018 6:00:00 PM,10.3082,8.1918,-0.00126
4/29/2018 5:00:00 PM,10.3208,8.1792,-0.0015822
4/29/2018 4:00:00 PM,10.3366,8.1634,-0.0014757
4/29/2018 3:00:00 PM,10.3514,8.1486,-0.0020913
4/29/2018 2:00:00 PM,10.3723,8.1277,-0.0020873
4/29/2018 1:00:00 PM,10.3932,8.1068,-0.0019838
4/29/2018 12:00:00 PM,10.413,8.087,-0.0024109
4/29/2018 11:00:00 AM,10.4371,8.0629,-0.0022
4/29/2018 10:00:00 AM,10.4591,8.0409,-0.0012691
4/29/2018 9:00:00 AM,10.4718,8.0282,-0.0011244
4/29/2018 8:00:00 AM,10.483,8.017,-0.0019291
4/29/2018 7:00:00 AM,10.5023,7.9977,-0.00080273
4/29/2018 6:00:00 AM,10.5104,7.9896,-0.0011406
4/29/2018 5:00:00 AM,10.5218,7.9782,-0.00057185
4/29/2018 4:00:00 AM,10.5275,7.9725,-0.00092384
4/29/2018 3:00:00 AM,10.5367,7.9633,-0.00061519
4/29/2018 2:00:00 AM,10.5429,7.9571,-0.0009205
4/29/2018 1:00:00 AM,10.5521,7.9479,-0.00098472
4/29/2018,10.5619,7.9381,-0.00086059
4/28/2018 11:00:00 PM,10.5705,7.9295,-0.0011065
4/28/2018 10:00:00 PM,10.5816,7.9184,-0.00094242
4/28/2018 9:00:00 PM,10.591,7.909,-0.00033954
4/28/2018 8:00:00 PM,10.5944,7.9056,-0.00062416
4/28/2018 7:00:00 PM,10.6007,7.8993,-0.0016749
4/28/2018 6:00:00 PM,10.6174,7.8826,-0.0020987
4/28/2018 5:00:00 PM,10.6384,7.8616,-0.0024273
4/28/2018 4:00:00 PM,10.6627,7.8373,-0.0034358
4/28/2018 3:00:00 PM,10.697,7.803,-0.0035361
4/28/2018 2:00:00 PM,10.7324,7.7676,-0.00336
4/28/2018 1:00:00 PM,10.766,7.734,-0.003315
4/28/2018 12:00:00 PM,10.7991,7.7009,-0.0029895
4/28/2018 11:00:00 AM,10.829,7.671,-0.0027702
4/28/2018 10:00:00 AM,10.8567,7.6433,-0.0023688
4/28/2018 9:00:00 AM,10.8804,7.6196,-0.0018908
4/28/2018 8:00:00 AM,10.8993,7.6007,-0.0011819
4/28/2018 7:00:00 AM,10.9112,7.5888,-0.0010759
4/28/2018 6:00:00 AM,10.9219,7.5781,-0.00095685
4/28/2018 5:00:00 AM,10.9315,7.5685,-0.00096018
4/28/2018 4:00:00 AM,10.9411,7.5589,-0.00088405
4/28/2018 3:00:00 AM,10.9499,7.5501,-0.00050343
4/28/2018 2:00:00 AM,10.955,7.545,-0.00092587
4/28/2018 1:00:00 AM,10.9642,7.5358,-0.00081715
4/28/2018,10.9724,7.5276,-0.001004
4/27/2018 11:00:00 PM,10.9824,7.5176,-0.00081014
4/27/2018 10:00:00 PM,10.9905,7.5095,0
